name,mobile
Dud,970-613-2617
Jolyn,614-319-7266
Sallie,997-395-9270
Belle,592-563-0424
Bing,343-984-1150
West,615-444-4318
Marion,149-504-2848
Hillary,800-103-2454
Standford,442-441-9317
Babs,654-596-4163
Arliene,799-950-8349
Anabal,100-307-6924
Thelma,627-566-6711
Othello,326-887-9247
Kristal,928-973-7589
Archibaldo,733-212-0386
Traver,231-864-6056
Noelani,641-445-0261
Maye,222-435-3367
Barbara,415-111-0479
Fania,191-884-4571
Wolfgang,257-206-7432
Ade,869-144-1196
Cherrita,458-114-4414
Ram,844-259-6129
Lauree,712-218-2506
Christie,738-533-1171
Winthrop,582-122-9264
Cedric,320-144-8534
Lenci,443-819-1410
Marna,755-125-7502
Moss,530-901-1228
Goldie,257-379-3499
Arlena,258-586-8992
Ianthe,407-843-4247
Mame,750-276-1808
Joletta,345-311-4328
Demetris,323-136-0870
Brianna,143-309-5021
Gratia,362-587-9986
Allissa,621-600-1159
Ingaberg,674-550-0587
Glory,220-483-5637
Yorke,560-750-1697
Haskel,714-554-4153
Lennie,870-183-5539
Fabian,746-893-9654
Valentin,229-940-0648
Colas,557-794-1168
Christabella,538-928-2462
Bennie,553-748-1871
Cristian,730-252-2548
Rufus,716-544-4886
Smith,586-272-2263
Jeni,288-561-9583
Constanta,560-978-8891
Burty,104-338-0122
Keefer,495-708-8739
Jarib,203-806-9578
Nikita,939-519-9155
Norris,117-607-6908
Tait,891-446-0089
Mabel,443-669-1163
Shepherd,874-226-4208
Alvin,522-621-9071
May,901-266-9397
Bret,551-205-2523
Gertrudis,896-323-8268
Bev,688-897-1545
Gilberte,204-819-8853
Alf,649-415-9535
Clemens,225-181-7339
Ezra,835-396-0847
Ugo,925-961-9539
Arthur,699-566-1150
Rockey,843-664-5976
Rurik,467-261-5095
Nichole,390-205-6658
Jorge,293-593-3922
Albrecht,990-587-6042
Murvyn,321-278-5972
Ewan,562-453-2275
Jacynth,710-439-5441
Genni,835-391-9721
Ardelis,679-369-7397
Sholom,195-574-0892
Hedwig,739-937-9018
Rutherford,355-906-1899
Rice,142-614-5150
Kerry,962-254-0894
Deny,347-491-3346
Julee,665-849-2954
Georgie,627-958-7492
Euell,455-784-8545
Daffie,884-495-8889
Elysia,356-192-3030
Kimball,769-903-0823
Durand,970-528-2511
Greta,982-222-7378
Oberon,271-318-8770
Martin,868-783-8805
Curcio,193-522-4872
Sherwynd,896-614-9723
Seumas,161-927-6373
Sisile,797-543-2634
Kilian,417-162-8247
Vivyanne,474-833-7890
Aksel,628-650-1193
Birk,140-407-7680
Lauren,712-410-7384
Eugene,106-840-2143
Karoline,544-597-8074
Stormi,593-837-0502
Daria,770-430-6333
Selby,559-657-6782
Cooper,196-442-5822
Valentijn,240-898-3205
Bobbe,494-769-5268
Erinna,930-689-9684
Aili,312-971-7316
Chrotoem,482-528-3275
Adella,292-279-5260
Leroi,405-412-8795
Audrie,384-893-1752
Oswald,786-183-8601
Hagen,961-815-3185
Morris,632-872-6702
Aarika,565-907-3379
Carolann,725-588-1540
Marcela,704-208-3568
Dulcine,807-600-6133
Fons,479-805-9539
Dimitri,940-105-0350
Leanna,820-936-5324
Frances,238-819-4748
Chantal,156-235-4088
Lewie,307-119-8396
Blinni,731-496-6333
Arluene,704-954-1777
Gareth,130-590-6029
Horacio,615-587-7396
Georgina,672-832-4301
Nari,590-495-7146
Ralina,782-472-6317
Cybill,986-596-1507
Mac,930-398-2038
Mitch,667-257-7323
Meir,852-552-1539
Merrile,330-945-2042
Bathsheba,443-765-6334
Sunny,979-558-0634
Shayna,543-557-0631
Zita,408-208-1473
Franky,638-876-8410
Kristos,722-149-7198
Aubert,507-126-2590
Lucretia,413-558-8244
Urban,824-377-5383
Harold,712-108-1850
Catharina,280-919-6653
Clerc,671-845-6387
Randi,834-751-3349
Louie,895-817-6813
Arch,597-612-1921
Leigh,470-507-9762
Nicola,315-184-7781
Ira,207-643-1381
Shandie,899-707-1382
Archambault,665-762-3223
Myrwyn,541-932-3537
Robinett,477-838-8084
Daniel,260-728-3162
Daveen,390-851-9424
Jaquelyn,123-414-1211
Anallise,729-168-0784
Hilary,295-664-8435
Kippar,919-966-0249
Brant,343-337-3161
Rachele,443-712-9398
Moishe,444-175-1331
Bran,506-529-2603
Shawn,116-453-0569
Killian,951-174-3028
Ranee,778-613-8378
Trudi,459-883-4118
Roderich,867-356-4923
Monroe,851-773-7320
Enriqueta,616-217-3402
Patrice,263-503-8911
Sorcha,402-919-0798
Templeton,617-126-3288
Frans,457-266-9247
Marsha,360-945-3849
Annabela,247-481-2853
Tyrus,368-673-5420
Rheta,161-755-7217
Georgy,831-137-5214
Jakob,131-454-3150
Lilla,547-789-2293
Charmine,357-848-5216
Maribelle,406-787-2333
Tyrus,541-383-8391
Kariotta,697-515-5872
Dre,534-493-3593
Steffane,539-886-9020
Olga,187-678-2929
Edward,480-172-3779
Felisha,114-800-4183
Maryrose,723-201-6587
Connie,209-966-8745
Olga,500-934-4159
Waylin,104-662-1015
Aksel,216-886-7151
Maryanne,896-204-6368
Ivor,115-804-2082
Veronique,753-511-5132
Nathanial,669-660-3009
Obadiah,999-374-9848
Wald,363-663-1366
Gannon,792-725-9777
Luciano,575-639-5637
Gustavo,463-937-3761
Beverlee,309-941-9020
Jan,970-749-2429
Kettie,191-587-7069
Ive,605-797-4121
Svend,481-772-3310
Rockwell,525-316-2022
Klaus,947-872-4371
Lily,781-113-5073
Bron,761-921-5730
Chen,891-435-7131
Lucilia,994-118-8357
Berte,356-955-0302
Luella,989-874-0324
Wynn,780-650-4576
Elianore,561-573-2620
Osbert,293-823-6717
Sheena,562-927-4523
Byron,495-553-6236
Michel,778-255-2303
Darb,337-473-1727
Joelly,702-727-4959
Alfi,792-716-0941
Omar,931-240-8767
Mannie,154-393-6323
Hogan,183-666-6642
Con,232-204-6166
Claudetta,165-942-7705
Gordon,268-483-4880
Cly,214-743-7019
Bertram,240-660-9166
Florian,692-621-2826
Adolpho,137-904-9837
Gav,575-793-2194
Catherina,734-456-4150
Rance,563-521-7455
Lolita,484-864-7383
Winfield,635-690-8188
Elly,484-244-8600
Crysta,523-613-7176
Pietra,973-757-6955
Richy,429-927-4857
Caryl,200-923-6305
Marget,695-251-8854
Kameko,904-545-0936
Karyn,110-169-8585
Hillie,220-891-2026
Kacy,885-301-8615
Ardra,858-412-3456
Chan,308-345-5126
Sergei,906-762-7422
Clayborn,432-276-4674
Sonni,561-522-0447
Marybelle,104-745-2578
Rand,559-670-0276
Irma,531-742-6506
Abram,136-681-8355
Aldric,270-642-1006
Betty,250-326-7527
Ruggiero,707-213-8127
Kalila,988-184-9540
Torrence,865-411-1598
Mirabelle,550-281-0512
Edgardo,916-339-4665
Flinn,273-946-2623
Faber,482-102-6827
Mercy,155-580-3491
Ana,383-582-0300
Maitilde,515-444-1747
Corine,829-523-9417
Torry,947-960-1537
Xymenes,239-416-0282
Zeb,543-246-0684
Libbi,812-871-3590
Zaneta,862-820-7674
Meredith,180-399-6530
Syd,446-533-7492
Kinny,704-669-2945
Marget,887-337-6732
Francklin,602-555-8524
Grata,128-564-6279
Brooks,738-885-5371
Sascha,427-351-0327
Leonora,925-584-0848
Carol-jean,116-532-9296
Otes,318-309-4799
Antonio,632-507-3533
Padgett,425-477-1576
Rea,490-760-0450
Courtnay,919-188-2511
Bertine,896-513-3684
Fredia,805-550-6595
Ginger,637-887-9454
Briana,852-913-0273
Emily,888-563-3997
Hephzibah,906-529-9811
Shirlee,483-324-3344
Krissy,301-322-2753
Ree,317-819-2297
Sibylla,370-479-7678
Tandie,624-198-1226
Elmira,843-894-8195
Ruthi,343-610-1147
Franklin,734-164-9135
Chiquia,295-381-9446
Griffin,602-130-4416
Pietrek,544-243-5960
Ninon,661-490-2085
Kiah,456-275-1773
Caryl,801-713-2994
Alena,544-606-2666
Rebecka,510-494-7329
Sibylla,216-838-8128
Lilah,864-606-9350
Georgetta,245-932-9165
Joy,396-344-2213
Mozes,180-854-7508
Wildon,265-630-4578
Wrennie,844-971-8890
Bennie,416-597-2857
Waverly,285-753-6523
Meggi,212-965-0195
Web,417-665-7238
Karol,181-262-5719
Pauly,251-865-7968
Joann,797-327-1242
Alisa,821-958-8665
Celestyn,963-376-5442
Murdock,747-867-5659
Ulla,235-514-6933
Rafaello,325-868-4484
Tonye,819-558-3263
Cathlene,778-397-3520
Corrie,310-607-4261
Napoleon,579-792-7004
Essy,936-117-6982
Rey,476-902-3534
Demetria,158-513-7040
Rheta,338-180-5071
Emmett,315-169-7168
Dix,140-336-6471
Vania,151-650-6741
Myra,517-317-8464
Anatol,824-103-7095
Isidore,329-528-5346
Saree,904-400-5419
Salim,986-365-8030
Culley,526-514-5137
Baxie,397-674-1596
Sig,858-175-1002
Any,912-297-0025
Devonna,985-384-8964
Burton,762-161-2420
Sig,150-608-1353
Rhoda,911-355-6577
Alene,912-844-1133
Elie,501-541-8158
Emmi,496-126-4866
Jana,651-939-3093
Wilbert,682-931-6687
Genvieve,823-182-6498
Jany,450-512-5682
Mair,247-122-2857
Tove,531-851-8112
Hyacinthia,668-661-0697
Rowland,146-101-4882
Alonzo,961-818-1431
Linc,406-962-4087
Rabbi,773-564-1703
Selene,782-942-2179
Payton,722-798-5478
Giorgia,710-170-8786
Connie,428-887-7459
Quill,452-827-9504
Vi,386-498-4742
Clementia,641-360-4646
Adore,266-789-0641
Milicent,703-297-8367
Pippa,783-807-4287
Marin,436-231-5658
Gabi,868-386-0089
Chad,908-655-4059
Kelsi,267-244-8745
Larissa,244-100-8994
Octavia,115-977-0042
Efrem,157-983-6431
Rod,558-905-8163
Neilla,521-870-5496
Justis,982-226-8716
Krishnah,739-129-5719
Nata,377-802-7642
Antoinette,428-141-4223
Karilynn,786-570-7127
Thaxter,775-840-7859
Bibbie,525-753-6127
Hilly,497-681-3428
Dulcia,472-980-8295
Maje,549-914-1929
Goddard,223-216-5429
Jackelyn,138-458-6249
Roxana,209-548-8501
Rubetta,499-665-5526
Eugenio,412-133-3064
Doralynn,544-783-5127
Ole,674-295-1248
Rina,182-942-4676
Eleanor,940-283-9063
Parsifal,514-150-6499
Marjory,579-880-4831
Abigael,307-759-3629
Jourdan,277-848-2881
Cordy,953-224-8072
Percival,776-903-3217
Clarissa,107-486-8131
Wallis,665-481-3922
Winfield,396-311-9634
Lou,827-836-6391
Natale,197-923-7297
Kristina,977-679-4675
Eberhard,985-752-6706
Jakob,115-648-0123
Charlotta,586-702-3870
Jourdain,847-498-3098
Job,891-882-0223
Peder,613-766-9887
Orella,291-326-1469
Ethan,932-691-8780
Domeniga,697-722-1275
Padgett,147-994-2763
Dedra,591-626-5988
Florinda,913-664-5808
Mal,859-712-0612
Julina,936-532-3141
Donall,634-443-7245
Sophronia,206-823-4377
Dion,280-200-9092
Shirline,483-195-0292
Nicol,363-729-8528
Ruthanne,746-727-5629
Gilbertine,267-347-9941
Codi,792-830-4589
Elinore,314-185-7063
Clo,474-403-1185
Gherardo,690-838-2168
Dermot,723-338-1914
Monroe,375-609-7386
Kimbra,171-514-0140
Niven,498-983-9653
Alfy,429-862-7332
Llywellyn,939-712-7725
Maure,622-867-2558
Rikki,625-545-2291
Faustine,878-533-5156
Daisie,487-253-2828
Adrien,577-121-2868
Janna,262-207-6924
Rozele,647-216-3862
Jodi,573-427-7082
Barclay,592-389-3331
Horatio,504-443-4110
Rosanna,550-761-3765
Wenonah,450-532-9334
Grange,787-403-6496
Pace,737-461-2480
Merridie,413-792-2510
Conchita,248-789-9370
Cassaundra,433-638-5909
Dareen,521-845-9630
Chic,464-418-8850
Pamelina,742-409-3799
Vladimir,581-102-8326
Moore,684-271-1436
Isabelita,817-165-4973
Ellis,912-714-3598
Chrissie,995-475-9250
Beverley,764-506-7280
Verge,744-429-0065
Edd,217-758-1301
Alessandra,952-718-3758
Tally,970-304-3791
Esme,267-254-8772
Vallie,814-552-1543
Anett,627-405-5538
Hestia,568-513-7192
Gabie,581-212-8874
Brandon,527-796-2748
Lisle,573-613-4047
Hiram,370-498-4530
Brnaba,434-668-3764
Diarmid,142-582-4011
Marylou,338-410-1750
Beverlie,258-965-5323
Hansiain,779-550-6462
Emerson,403-601-7090
Aura,406-584-4030
Umeko,106-958-5236
Maggi,761-951-4799
Butch,455-327-4853
Tobey,985-312-8615
Shaine,669-543-0301
Samuel,558-639-1294
Jethro,658-718-1277
Brianne,871-260-2344
Ragnar,552-785-4318
Judd,346-188-5436
Monte,492-231-1545
Sean,153-450-6629
Jacki,923-562-5825
Van,946-328-6164
Salvidor,998-370-4834
Aili,835-513-9931
Mohandas,513-929-5651
Dallas,959-943-6642
Conrad,732-147-6235
Amitie,257-815-7988
Pandora,684-537-8714
Hardy,747-657-6210
Kirk,124-201-1939
Ginny,545-619-5951
Roland,522-436-6687
Tabbatha,542-359-9264
Rory,308-916-7351
Veda,480-823-9694
Brantley,526-233-8245
Timmie,989-252-4107
Yuri,368-395-6913
Bailie,550-274-7810
Maurie,901-826-5444
Felipa,257-163-0999
Marnia,584-916-4588
Quinton,171-486-6649
Isak,741-213-7007
Happy,100-394-3207
Therine,746-269-8350
Carlin,259-970-7267
Thacher,292-644-0870
Skylar,745-153-7625
Chandal,735-791-4646
Chase,661-729-9215
Dagny,692-308-3269
Gweneth,282-505-8235
Khalil,626-301-8549
Hillier,637-975-1164
Rubetta,829-182-0874
Olivette,457-247-8387
Maitilde,306-272-9466
Alexia,649-553-5476
Alleen,509-344-6314
Aeriela,233-711-4341
Norton,828-870-3353
Keene,848-602-0871
Zsazsa,805-204-7227
Brooke,339-247-4417
Julie,225-484-7291
Corbie,745-259-4715
Nonah,816-740-3311
Tasha,441-142-2506
Brynna,419-742-9981
Ernaline,313-798-0186
Ray,898-742-7439
Shandy,447-992-6121
Rosana,755-292-4752
Dennis,323-181-6864
Devondra,771-446-5623
Montague,108-564-1117
Seth,382-977-5006
Aubry,564-446-5120
Leupold,465-602-0259
Lombard,601-286-0094
Kati,576-283-0943
Maggee,267-107-9844
Jonis,459-686-0039
Jehanna,405-407-8744
Kaycee,156-917-5206
Ulberto,683-934-6514
Trumaine,125-879-0616
Winnifred,821-158-0450
Ladonna,199-976-0998
Jonie,726-318-9095
Pooh,226-174-4517
Meier,962-846-5628
Cherise,443-839-2523
Odille,140-162-4041
Eolande,755-927-6832
Wittie,950-429-6684
Justin,525-541-3867
Sibby,519-787-7196
Tiffany,989-138-9745
Foster,131-678-7379
Lombard,925-263-5740
Damaris,376-282-8072
Rufe,962-709-8888
Cosme,537-904-9112
Armstrong,264-606-1400
Christi,722-648-3683
Margi,607-527-8870
Georgianne,822-923-9988
Averell,855-163-0073
Carlene,798-553-0339
Yuri,314-111-9106
Inez,817-892-6982
Prentice,974-997-1346
Truman,923-879-1522
Wylma,820-786-7209
Brandea,486-316-1576
Tanya,325-229-9048
Stavro,903-981-6240
Peirce,582-646-1409
Bambi,384-717-0806
Margaretha,760-910-9131
Corby,978-161-7132
Elia,708-988-1811
Waite,948-360-2731
Salvador,656-810-2925
Ira,510-841-2632
Aleda,401-560-3625
Chrissy,400-278-4353
Tasia,864-704-9054
Windy,511-889-3525
Sadella,361-221-2481
Lombard,147-623-4460
Mohandis,492-142-8917
Winny,502-930-2686
Yasmeen,549-110-4425
Loraine,870-302-7808
Alvin,237-314-5811
Silvia,291-200-6403
Arabelle,756-759-9449
Babara,665-553-0965
Ashli,456-527-2114
Lenci,941-723-5498
Felizio,178-389-1545
Priscella,881-153-3666
Peggy,181-804-1326
Lorianne,306-195-3839
Louis,243-157-1006
Hort,252-247-6730
Todd,913-800-6525
Artair,803-449-3542
Rochelle,432-697-6300
Philbert,115-745-2106
Corey,965-421-4376
Carmita,805-466-0763
Hale,296-703-2647
Sisely,104-241-7948
Birgitta,405-424-0132
Harper,806-915-6806
Deedee,192-453-6602
Wallas,875-487-3733
Myrlene,770-220-7867
Carlyn,441-485-1908
Amargo,646-545-7456
Chandra,177-862-5218
Jens,447-679-2676
Ennis,851-844-1062
Shani,380-676-2462
Trish,858-288-5331
Susannah,953-788-4756
Justino,278-928-7869
Milton,560-424-8529
Katrine,636-453-4516
Marcella,143-647-2369
Ferdie,232-979-4063
Ransom,350-351-3169
Emelen,916-307-0245
Christel,781-123-1504
Elaine,332-728-3297
Ella,962-725-5626
Lyda,143-926-1592
Wat,724-998-1917
Selena,925-199-6226
Gaspar,996-534-6393
Kandace,774-496-2145
Vanda,645-828-1434
Carmelle,834-331-6944
Raviv,949-272-9885
Paton,829-853-0295
Janet,485-525-1186
Jaimie,222-403-8136
Yevette,342-425-5826
Abbey,755-576-2760
Bartlett,251-106-7965
Amelita,906-527-1741
Gal,913-720-9612
Gil,310-907-6428
Margette,396-125-3135
Shandeigh,529-467-0486
Paco,360-157-9788
Farlee,924-959-8405
Haroun,751-555-5031
Perice,812-959-1855
Starr,883-483-9281
Fancy,414-173-2880
Sapphire,991-551-2007
Win,188-998-1888
Clerissa,409-324-7481
Francesca,651-231-5497
Shaylah,502-383-3657
Linnea,176-996-9185
Vina,699-957-1220
Olivier,737-819-0719
Adore,915-400-2965
Aurea,606-572-0196
Derril,309-589-0819
Suzy,626-135-4804
Alisander,140-394-6357
Matthias,950-798-6485
Skylar,227-274-2848
Jermaine,985-507-8905
Aleece,523-754-6651
Agneta,230-560-6132
Deck,299-909-5831
Sosanna,747-479-4537
Aida,253-933-6261
Cally,364-419-2747
Antonino,560-338-4702
Maryrose,506-408-3731
Dalt,484-631-5628
Duke,826-215-0608
Cheslie,435-386-6434
Leupold,334-770-9204
Dela,301-239-7383
Aggy,896-427-5316
Stefano,345-107-5709
Bernardine,771-662-8307
Thomasin,511-479-0092
Russell,200-155-4684
Dame,323-433-4615
Lorry,611-429-1742
Mariann,344-189-5193
Gordie,163-794-7809
Dory,312-483-6291
Kore,770-293-6321
Aldus,887-356-9124
Bowie,160-961-4468
Gunner,493-202-2840
Juliet,460-655-4417
Elsi,723-696-5947
Homerus,663-457-5695
Crichton,234-503-3315
Langsdon,946-251-9173
Con,234-983-1855
Tymothy,585-899-9840
Farrand,423-540-3032
Fidelia,576-959-7086
Anders,136-462-7725
Madelin,204-278-9400
Merrilee,972-888-3138
Phyllida,216-209-6437
Andie,414-168-5596
Ninette,968-810-0070
Meir,235-571-8608
Bennett,526-587-9724
Katrinka,252-897-4509
Wallis,115-942-8573
Paola,750-744-0533
Joby,831-593-4853
Francklyn,570-232-1012
Alecia,487-962-2565
Michaeline,353-929-6404
Sapphire,829-364-9470
Zach,652-226-9930
Sibley,121-633-1851
Reggis,550-750-9028
Lisle,615-160-6244
Kirstyn,825-234-4787
Davis,824-547-6720
Grayce,730-955-3950
Dee dee,492-197-7345
Bonny,985-159-2997
Harley,733-468-3569
Melisandra,901-737-4044
Berti,959-649-1945
Tynan,162-807-3355
Eda,176-781-8637
Maryrose,479-852-3934
Paula,563-255-7226
Celia,402-498-3239
Leslie,907-641-5565
Florida,829-680-6099
Mervin,559-246-2275
Cyndy,428-538-6783
Rosalind,442-514-1836
Evin,684-687-1256
Murdoch,405-477-8248
Rasla,119-411-6681
Bartholomew,998-525-2117
Ramona,214-833-2553
Guinna,190-549-5448
Mildrid,661-909-8280
Thomasa,567-497-2766
Ernaline,518-776-6374
Thaddeus,868-209-6457
Graehme,482-618-6170
Vidovic,760-290-4930
Bastien,423-370-2668
Giles,950-190-6848
Friedrich,373-511-2804
Shelley,311-897-9300
Lindsay,728-845-6456
Sarene,680-461-5209
Adan,249-616-5522
Winny,482-715-0320
Myriam,318-808-8794
Orson,163-977-0728
Osbourn,172-406-2119
Wendye,337-413-9721
Maurise,704-508-3980
Hester,889-119-0473
Lela,610-549-7777
Lanie,399-993-5211
Shem,716-383-1405
Natasha,381-232-3958
Lance,713-545-5228
Saba,549-755-4607
Calida,928-320-6933
Delly,338-395-6681
Mariel,914-761-7641
Ingamar,259-806-7675
Antons,379-937-5344
Darcey,861-569-7078
Berti,319-167-0857
Coop,103-492-5311
Caren,184-176-5061
Cecilla,786-778-5648
Lauree,779-528-0549
Drusi,428-118-8579
Trstram,473-689-0770
Tanney,127-311-2934
Jemmy,132-929-4356
Starlin,431-356-6374
Tawnya,276-927-8024
Oates,843-396-9749
Ali,998-320-6349
Cinda,356-402-0905
Dodie,794-566-2490
Durand,635-977-7218
Lianne,757-620-9267
Antonin,347-910-7163
Sherrie,259-330-4591
Whitney,554-795-2904
Davide,217-721-5822
Morgana,715-327-8203
Katerine,538-442-9447
Bryce,147-764-1000
Maurise,539-434-2616
Lyndy,236-414-6546
Ruthann,451-737-3711
Joletta,873-855-5351
Hayden,913-449-4481
Florence,255-686-5783
Kristopher,502-939-5311
Ruth,643-790-4106
Granger,873-902-4802
Catrina,224-776-3347
Mala,796-492-2493
Hetti,733-966-5330
Randall,319-173-8938
Lorianna,861-562-7079
Gerianna,780-511-0444
Ferguson,164-868-6009
Seumas,516-406-0144
Olivie,772-941-0693
Allen,695-944-8184
Cindelyn,255-112-5023
Saba,475-428-4183
Noelle,542-318-8149
Thain,564-335-1299
Sisile,454-156-9484
Evonne,418-728-9910
Lynn,409-534-0017
Dorolisa,704-497-3888
Kelley,170-296-0467
Jocelyne,933-485-9290
Georg,340-794-6199
Ralph,152-260-6935
Jere,310-139-3743
Alyce,104-223-0262
Reed,739-439-4132
Benoite,892-724-1647
Hedi,539-858-5144
Sarita,777-292-9075
Berne,973-455-8496
Scarlet,346-285-0679
Joni,409-221-1777
Jeralee,627-335-2101
Liuka,120-387-1522
Merrilee,362-512-1353
Rena,602-268-5466
Rowney,509-601-0378
Jefferey,884-295-3212
Eyde,996-655-6116
Jehu,975-776-6679
Hilly,449-811-3319
Brock,924-742-4737
Davin,789-275-1929
Cindy,738-963-1921
Ellie,742-876-3515
Lissi,458-350-9149
Joey,844-577-4764
Robbert,432-195-2359
Mickey,471-916-6874
Cam,517-928-5655
Gayleen,392-862-1148
Sibelle,361-996-2775
Ambrosio,315-816-1460
Elvis,606-433-1999
Alicia,518-657-2422
Carlita,975-720-4748
Jessamyn,206-526-5026
Romonda,697-595-7476
Odille,364-121-1684
Laurella,425-846-3467
Dud,970-613-2617
Jolyn,614-319-7266
Sallie,997-395-9270
Belle,592-563-0424
Bing,343-984-1150
West,615-444-4318
Marion,149-504-2848
Hillary,800-103-2454
Standford,442-441-9317
Babs,654-596-4163
Arliene,799-950-8349
Anabal,100-307-6924
Thelma,627-566-6711
Othello,326-887-9247
Kristal,928-973-7589
Archibaldo,733-212-0386
Traver,231-864-6056
Noelani,641-445-0261
Maye,222-435-3367
Barbara,415-111-0479
Fania,191-884-4571
Wolfgang,257-206-7432
Ade,869-144-1196
Cherrita,458-114-4414
Ram,844-259-6129
Lauree,712-218-2506
Christie,738-533-1171
Winthrop,582-122-9264
Cedric,320-144-8534
Lenci,443-819-1410
Marna,755-125-7502
Moss,530-901-1228
Goldie,257-379-3499
Arlena,258-586-8992
Ianthe,407-843-4247
Mame,750-276-1808
Joletta,345-311-4328
Demetris,323-136-0870
Brianna,143-309-5021
Gratia,362-587-9986
Allissa,621-600-1159
Ingaberg,674-550-0587
Glory,220-483-5637
Yorke,560-750-1697
Haskel,714-554-4153
Lennie,870-183-5539
Fabian,746-893-9654
Valentin,229-940-0648
Colas,557-794-1168
Christabella,538-928-2462
Bennie,553-748-1871
Cristian,730-252-2548
Rufus,716-544-4886
Smith,586-272-2263
Jeni,288-561-9583
Constanta,560-978-8891
Burty,104-338-0122
Keefer,495-708-8739
Jarib,203-806-9578
Nikita,939-519-9155
Norris,117-607-6908
Tait,891-446-0089
Mabel,443-669-1163
Shepherd,874-226-4208
Alvin,522-621-9071
May,901-266-9397
Bret,551-205-2523
Gertrudis,896-323-8268
Bev,688-897-1545
Gilberte,204-819-8853
Alf,649-415-9535
Clemens,225-181-7339
Ezra,835-396-0847
Ugo,925-961-9539
Arthur,699-566-1150
Rockey,843-664-5976
Rurik,467-261-5095
Nichole,390-205-6658
Jorge,293-593-3922
Albrecht,990-587-6042
Murvyn,321-278-5972
Ewan,562-453-2275
Jacynth,710-439-5441
Genni,835-391-9721
Ardelis,679-369-7397
Sholom,195-574-0892
Hedwig,739-937-9018
Rutherford,355-906-1899
Rice,142-614-5150
Kerry,962-254-0894
Deny,347-491-3346
Julee,665-849-2954
Georgie,627-958-7492
Euell,455-784-8545
Daffie,884-495-8889
Elysia,356-192-3030
Kimball,769-903-0823
Durand,970-528-2511
Greta,982-222-7378
Oberon,271-318-8770
Martin,868-783-8805
Curcio,193-522-4872
Sherwynd,896-614-9723
Seumas,161-927-6373
Sisile,797-543-2634
Kilian,417-162-8247
Vivyanne,474-833-7890
Aksel,628-650-1193
Birk,140-407-7680
Lauren,712-410-7384
Eugene,106-840-2143
Karoline,544-597-8074
Stormi,593-837-0502
Daria,770-430-6333
Selby,559-657-6782
Cooper,196-442-5822
Valentijn,240-898-3205
Bobbe,494-769-5268
Erinna,930-689-9684
Aili,312-971-7316
Chrotoem,482-528-3275
Adella,292-279-5260
Leroi,405-412-8795
Audrie,384-893-1752
Oswald,786-183-8601
Hagen,961-815-3185
Morris,632-872-6702
Aarika,565-907-3379
Carolann,725-588-1540
Marcela,704-208-3568
Dulcine,807-600-6133
Fons,479-805-9539
Dimitri,940-105-0350
Leanna,820-936-5324
Frances,238-819-4748
Chantal,156-235-4088
Lewie,307-119-8396
Blinni,731-496-6333
Arluene,704-954-1777
Gareth,130-590-6029
Horacio,615-587-7396
Georgina,672-832-4301
Nari,590-495-7146
Ralina,782-472-6317
Cybill,986-596-1507
Mac,930-398-2038
Mitch,667-257-7323
Meir,852-552-1539
Merrile,330-945-2042
Bathsheba,443-765-6334
Sunny,979-558-0634
Shayna,543-557-0631
Zita,408-208-1473
Franky,638-876-8410
Kristos,722-149-7198
Aubert,507-126-2590
Lucretia,413-558-8244
Urban,824-377-5383
Harold,712-108-1850
Catharina,280-919-6653
Clerc,671-845-6387
Randi,834-751-3349
Louie,895-817-6813
Arch,597-612-1921
Leigh,470-507-9762
Nicola,315-184-7781
Ira,207-643-1381
Shandie,899-707-1382
Archambault,665-762-3223
Myrwyn,541-932-3537
Robinett,477-838-8084
Daniel,260-728-3162
Daveen,390-851-9424
Jaquelyn,123-414-1211
Anallise,729-168-0784
Hilary,295-664-8435
Kippar,919-966-0249
Brant,343-337-3161
Rachele,443-712-9398
Moishe,444-175-1331
Bran,506-529-2603
Shawn,116-453-0569
Killian,951-174-3028
Ranee,778-613-8378
Trudi,459-883-4118
Roderich,867-356-4923
Monroe,851-773-7320
Enriqueta,616-217-3402
Patrice,263-503-8911
Sorcha,402-919-0798
Templeton,617-126-3288
Frans,457-266-9247
Marsha,360-945-3849
Annabela,247-481-2853
Tyrus,368-673-5420
Rheta,161-755-7217
Georgy,831-137-5214
Jakob,131-454-3150
Lilla,547-789-2293
Charmine,357-848-5216
Maribelle,406-787-2333
Tyrus,541-383-8391
Kariotta,697-515-5872
Dre,534-493-3593
Steffane,539-886-9020
Olga,187-678-2929
Edward,480-172-3779
Felisha,114-800-4183
Maryrose,723-201-6587
Connie,209-966-8745
Olga,500-934-4159
Waylin,104-662-1015
Aksel,216-886-7151
Maryanne,896-204-6368
Ivor,115-804-2082
Veronique,753-511-5132
Nathanial,669-660-3009
Obadiah,999-374-9848
Wald,363-663-1366
Gannon,792-725-9777
Luciano,575-639-5637
Gustavo,463-937-3761
Beverlee,309-941-9020
Jan,970-749-2429
Kettie,191-587-7069
Ive,605-797-4121
Svend,481-772-3310
Rockwell,525-316-2022
Klaus,947-872-4371
Lily,781-113-5073
Bron,761-921-5730
Chen,891-435-7131
Lucilia,994-118-8357
Berte,356-955-0302
Luella,989-874-0324
Wynn,780-650-4576
Elianore,561-573-2620
Osbert,293-823-6717
Sheena,562-927-4523
Byron,495-553-6236
Michel,778-255-2303
Darb,337-473-1727
Joelly,702-727-4959
Alfi,792-716-0941
Omar,931-240-8767
Mannie,154-393-6323
Hogan,183-666-6642
Con,232-204-6166
Claudetta,165-942-7705
Gordon,268-483-4880
Cly,214-743-7019
Bertram,240-660-9166
Florian,692-621-2826
Adolpho,137-904-9837
Gav,575-793-2194
Catherina,734-456-4150
Rance,563-521-7455
Lolita,484-864-7383
Winfield,635-690-8188
Elly,484-244-8600
Crysta,523-613-7176
Pietra,973-757-6955
Richy,429-927-4857
Caryl,200-923-6305
Marget,695-251-8854
Kameko,904-545-0936
Karyn,110-169-8585
Hillie,220-891-2026
Kacy,885-301-8615
Ardra,858-412-3456
Chan,308-345-5126
Sergei,906-762-7422
Clayborn,432-276-4674
Sonni,561-522-0447
Marybelle,104-745-2578
Rand,559-670-0276
Irma,531-742-6506
Abram,136-681-8355
Aldric,270-642-1006
Betty,250-326-7527
Ruggiero,707-213-8127
Kalila,988-184-9540
Torrence,865-411-1598
Mirabelle,550-281-0512
Edgardo,916-339-4665
Flinn,273-946-2623
Faber,482-102-6827
Mercy,155-580-3491
Ana,383-582-0300
Maitilde,515-444-1747
Corine,829-523-9417
Torry,947-960-1537
Xymenes,239-416-0282
Zeb,543-246-0684
Libbi,812-871-3590
Zaneta,862-820-7674
Meredith,180-399-6530
Syd,446-533-7492
Kinny,704-669-2945
Marget,887-337-6732
Francklin,602-555-8524
Grata,128-564-6279
Brooks,738-885-5371
Sascha,427-351-0327
Leonora,925-584-0848
Carol-jean,116-532-9296
Otes,318-309-4799
Antonio,632-507-3533
Padgett,425-477-1576
Rea,490-760-0450
Courtnay,919-188-2511
Bertine,896-513-3684
Fredia,805-550-6595
Ginger,637-887-9454
Briana,852-913-0273
Emily,888-563-3997
Hephzibah,906-529-9811
Shirlee,483-324-3344
Krissy,301-322-2753
Ree,317-819-2297
Sibylla,370-479-7678
Tandie,624-198-1226
Elmira,843-894-8195
Ruthi,343-610-1147
Franklin,734-164-9135
Chiquia,295-381-9446
Griffin,602-130-4416
Pietrek,544-243-5960
Ninon,661-490-2085
Kiah,456-275-1773
Caryl,801-713-2994
Alena,544-606-2666
Rebecka,510-494-7329
Sibylla,216-838-8128
Lilah,864-606-9350
Georgetta,245-932-9165
Joy,396-344-2213
Mozes,180-854-7508
Wildon,265-630-4578
Wrennie,844-971-8890
Bennie,416-597-2857
Waverly,285-753-6523
Meggi,212-965-0195
Web,417-665-7238
Karol,181-262-5719
Pauly,251-865-7968
Joann,797-327-1242
Alisa,821-958-8665
Celestyn,963-376-5442
Murdock,747-867-5659
Ulla,235-514-6933
Rafaello,325-868-4484
Tonye,819-558-3263
Cathlene,778-397-3520
Corrie,310-607-4261
Napoleon,579-792-7004
Essy,936-117-6982
Rey,476-902-3534
Demetria,158-513-7040
Rheta,338-180-5071
Emmett,315-169-7168
Dix,140-336-6471
Vania,151-650-6741
Myra,517-317-8464
Anatol,824-103-7095
Isidore,329-528-5346
Saree,904-400-5419
Salim,986-365-8030
Culley,526-514-5137
Baxie,397-674-1596
Sig,858-175-1002
Any,912-297-0025
Devonna,985-384-8964
Burton,762-161-2420
Sig,150-608-1353
Rhoda,911-355-6577
Alene,912-844-1133
Elie,501-541-8158
Emmi,496-126-4866
Jana,651-939-3093
Wilbert,682-931-6687
Genvieve,823-182-6498
Jany,450-512-5682
Mair,247-122-2857
Tove,531-851-8112
Hyacinthia,668-661-0697
Rowland,146-101-4882
Alonzo,961-818-1431
Linc,406-962-4087
Rabbi,773-564-1703
Selene,782-942-2179
Payton,722-798-5478
Giorgia,710-170-8786
Connie,428-887-7459
Quill,452-827-9504
Vi,386-498-4742
Clementia,641-360-4646
Adore,266-789-0641
Milicent,703-297-8367
Pippa,783-807-4287
Marin,436-231-5658
Gabi,868-386-0089
Chad,908-655-4059
Kelsi,267-244-8745
Larissa,244-100-8994
Octavia,115-977-0042
Efrem,157-983-6431
Rod,558-905-8163
Neilla,521-870-5496
Justis,982-226-8716
Krishnah,739-129-5719
Nata,377-802-7642
Antoinette,428-141-4223
Karilynn,786-570-7127
Thaxter,775-840-7859
Bibbie,525-753-6127
Hilly,497-681-3428
Dulcia,472-980-8295
Maje,549-914-1929
Goddard,223-216-5429
Jackelyn,138-458-6249
Roxana,209-548-8501
Rubetta,499-665-5526
Eugenio,412-133-3064
Doralynn,544-783-5127
Ole,674-295-1248
Rina,182-942-4676
Eleanor,940-283-9063
Parsifal,514-150-6499
Marjory,579-880-4831
Abigael,307-759-3629
Jourdan,277-848-2881
Cordy,953-224-8072
Percival,776-903-3217
Clarissa,107-486-8131
Wallis,665-481-3922
Winfield,396-311-9634
Lou,827-836-6391
Natale,197-923-7297
Kristina,977-679-4675
Eberhard,985-752-6706
Jakob,115-648-0123
Charlotta,586-702-3870
Jourdain,847-498-3098
Job,891-882-0223
Peder,613-766-9887
Orella,291-326-1469
Ethan,932-691-8780
Domeniga,697-722-1275
Padgett,147-994-2763
Dedra,591-626-5988
Florinda,913-664-5808
Mal,859-712-0612
Julina,936-532-3141
Donall,634-443-7245
Sophronia,206-823-4377
Dion,280-200-9092
Shirline,483-195-0292
Nicol,363-729-8528
Ruthanne,746-727-5629
Gilbertine,267-347-9941
Codi,792-830-4589
Elinore,314-185-7063
Clo,474-403-1185
Gherardo,690-838-2168
Dermot,723-338-1914
Monroe,375-609-7386
Kimbra,171-514-0140
Niven,498-983-9653
Alfy,429-862-7332
Llywellyn,939-712-7725
Maure,622-867-2558
Rikki,625-545-2291
Faustine,878-533-5156
Daisie,487-253-2828
Adrien,577-121-2868
Janna,262-207-6924
Rozele,647-216-3862
Jodi,573-427-7082
Barclay,592-389-3331
Horatio,504-443-4110
Rosanna,550-761-3765
Wenonah,450-532-9334
Grange,787-403-6496
Pace,737-461-2480
Merridie,413-792-2510
Conchita,248-789-9370
Cassaundra,433-638-5909
Dareen,521-845-9630
Chic,464-418-8850
Pamelina,742-409-3799
Vladimir,581-102-8326
Moore,684-271-1436
Isabelita,817-165-4973
Ellis,912-714-3598
Chrissie,995-475-9250
Beverley,764-506-7280
Verge,744-429-0065
Edd,217-758-1301
Alessandra,952-718-3758
Tally,970-304-3791
Esme,267-254-8772
Vallie,814-552-1543
Anett,627-405-5538
Hestia,568-513-7192
Gabie,581-212-8874
Brandon,527-796-2748
Lisle,573-613-4047
Hiram,370-498-4530
Brnaba,434-668-3764
Diarmid,142-582-4011
Marylou,338-410-1750
Beverlie,258-965-5323
Hansiain,779-550-6462
Emerson,403-601-7090
Aura,406-584-4030
Umeko,106-958-5236
Maggi,761-951-4799
Butch,455-327-4853
Tobey,985-312-8615
Shaine,669-543-0301
Samuel,558-639-1294
Jethro,658-718-1277
Brianne,871-260-2344
Ragnar,552-785-4318
Judd,346-188-5436
Monte,492-231-1545
Sean,153-450-6629
Jacki,923-562-5825
Van,946-328-6164
Salvidor,998-370-4834
Aili,835-513-9931
Mohandas,513-929-5651
Dallas,959-943-6642
Conrad,732-147-6235
Amitie,257-815-7988
Pandora,684-537-8714
Hardy,747-657-6210
Kirk,124-201-1939
Ginny,545-619-5951
Roland,522-436-6687
Tabbatha,542-359-9264
Rory,308-916-7351
Veda,480-823-9694
Brantley,526-233-8245
Timmie,989-252-4107
Yuri,368-395-6913
Bailie,550-274-7810
Maurie,901-826-5444
Felipa,257-163-0999
Marnia,584-916-4588
Quinton,171-486-6649
Isak,741-213-7007
Happy,100-394-3207
Therine,746-269-8350
Carlin,259-970-7267
Thacher,292-644-0870
Skylar,745-153-7625
Chandal,735-791-4646
Chase,661-729-9215
Dagny,692-308-3269
Gweneth,282-505-8235
Khalil,626-301-8549
Hillier,637-975-1164
Rubetta,829-182-0874
Olivette,457-247-8387
Maitilde,306-272-9466
Alexia,649-553-5476
Alleen,509-344-6314
Aeriela,233-711-4341
Norton,828-870-3353
Keene,848-602-0871
Zsazsa,805-204-7227
Brooke,339-247-4417
Julie,225-484-7291
Corbie,745-259-4715
Nonah,816-740-3311
Tasha,441-142-2506
Brynna,419-742-9981
Ernaline,313-798-0186
Ray,898-742-7439
Shandy,447-992-6121
Rosana,755-292-4752
Dennis,323-181-6864
Devondra,771-446-5623
Montague,108-564-1117
Seth,382-977-5006
Aubry,564-446-5120
Leupold,465-602-0259
Lombard,601-286-0094
Kati,576-283-0943
Maggee,267-107-9844
Jonis,459-686-0039
Jehanna,405-407-8744
Kaycee,156-917-5206
Ulberto,683-934-6514
Trumaine,125-879-0616
Winnifred,821-158-0450
Ladonna,199-976-0998
Jonie,726-318-9095
Pooh,226-174-4517
Meier,962-846-5628
Cherise,443-839-2523
Odille,140-162-4041
Eolande,755-927-6832
Wittie,950-429-6684
Justin,525-541-3867
Sibby,519-787-7196
Tiffany,989-138-9745
Foster,131-678-7379
Lombard,925-263-5740
Damaris,376-282-8072
Rufe,962-709-8888
Cosme,537-904-9112
Armstrong,264-606-1400
Christi,722-648-3683
Margi,607-527-8870
Georgianne,822-923-9988
Averell,855-163-0073
Carlene,798-553-0339
Yuri,314-111-9106
Inez,817-892-6982
Prentice,974-997-1346
Truman,923-879-1522
Wylma,820-786-7209
Brandea,486-316-1576
Tanya,325-229-9048
Stavro,903-981-6240
Peirce,582-646-1409
Bambi,384-717-0806
Margaretha,760-910-9131
Corby,978-161-7132
Elia,708-988-1811
Waite,948-360-2731
Salvador,656-810-2925
Ira,510-841-2632
Aleda,401-560-3625
Chrissy,400-278-4353
Tasia,864-704-9054
Windy,511-889-3525
Sadella,361-221-2481
Lombard,147-623-4460
Mohandis,492-142-8917
Winny,502-930-2686
Yasmeen,549-110-4425
Loraine,870-302-7808
Alvin,237-314-5811
Silvia,291-200-6403
Arabelle,756-759-9449
Babara,665-553-0965
Ashli,456-527-2114
Lenci,941-723-5498
Felizio,178-389-1545
Priscella,881-153-3666
Peggy,181-804-1326
Lorianne,306-195-3839
Louis,243-157-1006
Hort,252-247-6730
Todd,913-800-6525
Artair,803-449-3542
Rochelle,432-697-6300
Philbert,115-745-2106
Corey,965-421-4376
Carmita,805-466-0763
Hale,296-703-2647
Sisely,104-241-7948
Birgitta,405-424-0132
Harper,806-915-6806
Deedee,192-453-6602
Wallas,875-487-3733
Myrlene,770-220-7867
Carlyn,441-485-1908
Amargo,646-545-7456
Chandra,177-862-5218
Jens,447-679-2676
Ennis,851-844-1062
Shani,380-676-2462
Trish,858-288-5331
Susannah,953-788-4756
Justino,278-928-7869
Milton,560-424-8529
Katrine,636-453-4516
Marcella,143-647-2369
Ferdie,232-979-4063
Ransom,350-351-3169
Emelen,916-307-0245
Christel,781-123-1504
Elaine,332-728-3297
Ella,962-725-5626
Lyda,143-926-1592
Wat,724-998-1917
Selena,925-199-6226
Gaspar,996-534-6393
Kandace,774-496-2145
Vanda,645-828-1434
Carmelle,834-331-6944
Raviv,949-272-9885
Paton,829-853-0295
Janet,485-525-1186
Jaimie,222-403-8136
Yevette,342-425-5826
Abbey,755-576-2760
Bartlett,251-106-7965
Amelita,906-527-1741
Gal,913-720-9612
Gil,310-907-6428
Margette,396-125-3135
Shandeigh,529-467-0486
Paco,360-157-9788
Farlee,924-959-8405
Haroun,751-555-5031
Perice,812-959-1855
Starr,883-483-9281
Fancy,414-173-2880
Sapphire,991-551-2007
Win,188-998-1888
Clerissa,409-324-7481
Francesca,651-231-5497
Shaylah,502-383-3657
Linnea,176-996-9185
Vina,699-957-1220
Olivier,737-819-0719
Adore,915-400-2965
Aurea,606-572-0196
Derril,309-589-0819
Suzy,626-135-4804
Alisander,140-394-6357
Matthias,950-798-6485
Skylar,227-274-2848
Jermaine,985-507-8905
Aleece,523-754-6651
Agneta,230-560-6132
Deck,299-909-5831
Sosanna,747-479-4537
Aida,253-933-6261
Cally,364-419-2747
Antonino,560-338-4702
Maryrose,506-408-3731
Dalt,484-631-5628
Duke,826-215-0608
Cheslie,435-386-6434
Leupold,334-770-9204
Dela,301-239-7383
Aggy,896-427-5316
Stefano,345-107-5709
Bernardine,771-662-8307
Thomasin,511-479-0092
Russell,200-155-4684
Dame,323-433-4615
Lorry,611-429-1742
Mariann,344-189-5193
Gordie,163-794-7809
Dory,312-483-6291
Kore,770-293-6321
Aldus,887-356-9124
Bowie,160-961-4468
Gunner,493-202-2840
Juliet,460-655-4417
Elsi,723-696-5947
Homerus,663-457-5695
Crichton,234-503-3315
Langsdon,946-251-9173
Con,234-983-1855
Tymothy,585-899-9840
Farrand,423-540-3032
Fidelia,576-959-7086
Anders,136-462-7725
Madelin,204-278-9400
Merrilee,972-888-3138
Phyllida,216-209-6437
Andie,414-168-5596
Ninette,968-810-0070
Meir,235-571-8608
Bennett,526-587-9724
Katrinka,252-897-4509
Wallis,115-942-8573
Paola,750-744-0533
Joby,831-593-4853
Francklyn,570-232-1012
Alecia,487-962-2565
Michaeline,353-929-6404
Sapphire,829-364-9470
Zach,652-226-9930
Sibley,121-633-1851
Reggis,550-750-9028
Lisle,615-160-6244
Kirstyn,825-234-4787
Davis,824-547-6720
Grayce,730-955-3950
Dee dee,492-197-7345
Bonny,985-159-2997
Harley,733-468-3569
Melisandra,901-737-4044
Berti,959-649-1945
Tynan,162-807-3355
Eda,176-781-8637
Maryrose,479-852-3934
Paula,563-255-7226
Celia,402-498-3239
Leslie,907-641-5565
Florida,829-680-6099
Mervin,559-246-2275
Cyndy,428-538-6783
Rosalind,442-514-1836
Evin,684-687-1256
Murdoch,405-477-8248
Rasla,119-411-6681
Bartholomew,998-525-2117
Ramona,214-833-2553
Guinna,190-549-5448
Mildrid,661-909-8280
Thomasa,567-497-2766
Ernaline,518-776-6374
Thaddeus,868-209-6457
Graehme,482-618-6170
Vidovic,760-290-4930
Bastien,423-370-2668
Giles,950-190-6848
Friedrich,373-511-2804
Shelley,311-897-9300
Lindsay,728-845-6456
Sarene,680-461-5209
Adan,249-616-5522
Winny,482-715-0320
Myriam,318-808-8794
Orson,163-977-0728
Osbourn,172-406-2119
Wendye,337-413-9721
Maurise,704-508-3980
Hester,889-119-0473
Lela,610-549-7777
Lanie,399-993-5211
Shem,716-383-1405
Natasha,381-232-3958
Lance,713-545-5228
Saba,549-755-4607
Calida,928-320-6933
Delly,338-395-6681
Mariel,914-761-7641
Ingamar,259-806-7675
Antons,379-937-5344
Darcey,861-569-7078
Berti,319-167-0857
Coop,103-492-5311
Caren,184-176-5061
Cecilla,786-778-5648
Lauree,779-528-0549
Drusi,428-118-8579
Trstram,473-689-0770
Tanney,127-311-2934
Jemmy,132-929-4356
Starlin,431-356-6374
Tawnya,276-927-8024
Oates,843-396-9749
Ali,998-320-6349
Cinda,356-402-0905
Dodie,794-566-2490
Durand,635-977-7218
Lianne,757-620-9267
Antonin,347-910-7163
Sherrie,259-330-4591
Whitney,554-795-2904
Davide,217-721-5822
Morgana,715-327-8203
Katerine,538-442-9447
Bryce,147-764-1000
Maurise,539-434-2616
Lyndy,236-414-6546
Ruthann,451-737-3711
Joletta,873-855-5351
Hayden,913-449-4481
Florence,255-686-5783
Kristopher,502-939-5311
Ruth,643-790-4106
Granger,873-902-4802
Catrina,224-776-3347
Mala,796-492-2493
Hetti,733-966-5330
Randall,319-173-8938
Lorianna,861-562-7079
Gerianna,780-511-0444
Ferguson,164-868-6009
Seumas,516-406-0144
Olivie,772-941-0693
Allen,695-944-8184
Cindelyn,255-112-5023
Saba,475-428-4183
Noelle,542-318-8149
Thain,564-335-1299
Sisile,454-156-9484
Evonne,418-728-9910
Lynn,409-534-0017
Dorolisa,704-497-3888
Kelley,170-296-0467
Jocelyne,933-485-9290
Georg,340-794-6199
Ralph,152-260-6935
Jere,310-139-3743
Alyce,104-223-0262
Reed,739-439-4132
Benoite,892-724-1647
Hedi,539-858-5144
Sarita,777-292-9075
Berne,973-455-8496
Scarlet,346-285-0679
Joni,409-221-1777
Jeralee,627-335-2101
Liuka,120-387-1522
Merrilee,362-512-1353
Rena,602-268-5466
Rowney,509-601-0378
Jefferey,884-295-3212
Eyde,996-655-6116
Jehu,975-776-6679
Hilly,449-811-3319
Brock,924-742-4737
Davin,789-275-1929
Cindy,738-963-1921
Ellie,742-876-3515
Lissi,458-350-9149
Joey,844-577-4764
Robbert,432-195-2359
Mickey,471-916-6874
Cam,517-928-5655
Gayleen,392-862-1148
Sibelle,361-996-2775
Ambrosio,315-816-1460
Elvis,606-433-1999
Alicia,518-657-2422
Carlita,975-720-4748
Jessamyn,206-526-5026
Romonda,697-595-7476
Odille,364-121-1684
Laurella,425-846-3467
